<?xml version="1.0" encoding="UTF-8"?>
<configuration status="INFO">
    <appenders>
        <Console name="Console" target="SYSTEM_OUT">
            <PatternLayout pattern="%d{HH:mm:ss.SSS} [%t] %-5level %logger{36} - %msg%n"/>
        </Console>
        <RollingFile name="RollingFile" fileName="logs/app.log"
                     filePattern="logs/$${date:yyyy-MM}/app-%d{MM-dd-yyyy}-%i.log.gz">
            <PatternLayout pattern="%d{yyyy.MM.dd 'at' HH:mm:ss z} %-5level %class{36} %L %M - %msg%xEx%n"/>
            <SizeBasedTriggeringPolicy size="5 MB" />
        </RollingFile>
    </appenders>
    <loggers>
        <root level="DEBUG">
            <appender-ref ref="Console"/>
<!--            <appender-ref ref="RollingFile"/>-->
        </root>
    </loggers>
</configuration>